Date,UNRATE,GDPC1,Delta_Unemployment,GDP_Growth
1960-04-01,5.233333333333333,3498.246,0.09999999999999964,-0.5383572810156778
1960-07-01,5.533333333333334,3515.385,0.3000000000000007,0.4899312398270572
1960-10-01,6.266666666666666,3470.278,0.7333333333333316,-1.283131150642114
1961-01-01,6.8,3493.703,0.5333333333333341,0.6750179668602918
1961-04-01,7.0,3553.021,0.20000000000000018,1.6978546831256214
1961-07-01,6.766666666666667,3621.252,-0.2333333333333334,1.9203657957552078
1961-10-01,6.2,3692.289,-0.5666666666666664,1.961669610399941
1962-01-01,5.633333333333333,3758.147,-0.5666666666666673,1.7836631964615934
1962-04-01,5.533333333333334,3792.149,-0.09999999999999876,0.9047543909272315
1962-07-01,5.566666666666666,3838.776,0.03333333333333233,1.2295666652338832
1962-10-01,5.533333333333334,3851.421,-0.03333333333333233,0.32940187184664627
1963-01-01,5.766666666666667,3893.482,0.2333333333333325,1.0920904258454156
1963-04-01,5.733333333333333,3937.183,-0.033333333333333215,1.122414332466426
1963-07-01,5.5,4023.755,-0.2333333333333334,2.1988309915998316
1963-10-01,5.566666666666666,4050.147,0.06666666666666643,0.6559047456915268
1964-01-01,5.466666666666666,4135.553,-0.10000000000000053,2.108713584963695
1964-04-01,5.2,4180.592,-0.2666666666666657,1.0890683785215627
1964-07-01,5.0,4245.918,-0.20000000000000018,1.5626016602433346
1964-10-01,4.966666666666666,4259.046,-0.0333333333333341,0.30919108659188677
1965-01-01,4.8999999999999995,4362.111,-0.06666666666666643,2.4199081202691763
1965-04-01,4.666666666666667,4417.225,-0.2333333333333325,1.263470828688229
1965-07-01,4.366666666666667,4515.427,-0.2999999999999998,2.2231604683935924
1965-10-01,4.1000000000000005,4619.458,-0.2666666666666666,2.303901712949852
1966-01-01,3.8666666666666667,4731.888,-0.23333333333333384,2.433835311415322
1966-04-01,3.8333333333333335,4748.046,-0.033333333333333215,0.3414704659112866
1966-07-01,3.766666666666667,4788.254,-0.06666666666666643,0.8468325707038149
1966-10-01,3.6999999999999997,4827.537,-0.06666666666666732,0.8204034288907813
1967-01-01,3.8333333333333335,4870.299,0.13333333333333375,0.8857933144789998
1967-04-01,3.8333333333333335,4873.287,0.0,0.06135146938617275
1967-07-01,3.7999999999999994,4919.392,-0.0333333333333341,0.9460760263042101
1967-10-01,3.9,4956.477,0.10000000000000053,0.7538533217112953
1968-01-01,3.733333333333333,5057.553,-0.16666666666666696,2.0392710386833324
1968-04-01,3.5666666666666664,5142.033,-0.16666666666666652,1.6703730044944853
1968-07-01,3.533333333333333,5181.859,-0.033333333333333215,0.7745185610438465
1968-10-01,3.4,5202.212,-0.1333333333333333,0.39277409902507276
1969-01-01,3.4,5283.597,0.0,1.5644306691076748
1969-04-01,3.4333333333333336,5299.625,0.03333333333333366,0.3033539461847701
1969-07-01,3.5666666666666664,5334.6,0.13333333333333286,0.6599523551194642
1969-10-01,3.5666666666666664,5308.556,0.0,-0.48820905035055207
1970-01-01,4.166666666666667,5300.652,0.6000000000000005,-0.1488917136788115
1970-04-01,4.766666666666667,5308.164,0.5999999999999996,0.14171841501762206
1970-07-01,5.166666666666667,5357.077,0.40000000000000036,0.9214673849564647
1970-10-01,5.833333333333333,5299.672,0.6666666666666661,-1.0715731732062195
1971-01-01,5.933333333333334,5443.619,0.10000000000000053,2.716149225838893
1971-04-01,5.900000000000001,5473.059,-0.03333333333333233,0.5408166883097643
1971-07-01,6.033333333333334,5518.072,0.13333333333333286,0.8224468254407702
1971-10-01,5.933333333333334,5531.032,-0.10000000000000053,0.234864641128274
1972-01-01,5.766666666666667,5632.649,-0.16666666666666696,1.8372159119672382
1972-04-01,5.7,5760.47,-0.06666666666666643,2.2692875057543915
1972-07-01,5.566666666666666,5814.854,-0.13333333333333375,0.9440896315751957
1972-10-01,5.366666666666667,5912.22,-0.1999999999999993,1.6744358499800605
1973-01-01,4.933333333333334,6058.544,-0.43333333333333357,2.4749417308557398
1973-04-01,4.933333333333334,6124.506,0.0,1.0887434340660196
1973-07-01,4.8,6092.301,-0.13333333333333375,-0.5258383288382795
1973-10-01,4.766666666666667,6150.131,-0.033333333333333215,0.9492308406954919
1974-01-01,5.133333333333333,6097.258,0.36666666666666625,-0.8597052648146919
1974-04-01,5.2,6111.751,0.06666666666666732,0.23769701068907523
1974-07-01,5.633333333333333,6053.978,0.4333333333333327,-0.9452773845007756
1974-10-01,6.6000000000000005,6030.464,0.9666666666666677,-0.38840577220465855
1975-01-01,8.266666666666666,5957.035,1.6666666666666652,-1.2176343312886084
1975-04-01,8.866666666666667,5999.61,0.6000000000000014,0.7147011894339972
1975-07-01,8.466666666666667,6102.326,-0.40000000000000036,1.712044616233399
1975-10-01,8.299999999999999,6184.53,-0.16666666666666785,1.3470928953975836
1976-01-01,7.733333333333333,6323.649,-0.5666666666666655,2.249467623247048
1976-04-01,7.566666666666666,6370.025,-0.16666666666666696,0.7333740376798126
1976-07-01,7.733333333333333,6404.895,0.16666666666666696,0.5474075847426096
1976-10-01,7.766666666666667,6451.177,0.033333333333333215,0.7226035711748402
1977-01-01,7.5,6527.703,-0.2666666666666666,1.1862331478426524
1977-04-01,7.133333333333333,6654.466,-0.36666666666666714,1.9419235219494402
1977-07-01,6.8999999999999995,6774.457,-0.2333333333333334,1.8031649722156429
1977-10-01,6.666666666666667,6774.592,-0.2333333333333325,0.001992779642701059
1978-01-01,6.333333333333333,6796.26,-0.3333333333333339,0.319842139570925
1978-04-01,6.0,7058.92,-0.33333333333333304,3.864772683799611
1978-07-01,6.033333333333334,7129.915,0.0333333333333341,1.0057487547670219
1978-10-01,5.8999999999999995,7225.75,-0.13333333333333464,1.3441254208500286
1979-01-01,5.866666666666667,7238.727,-0.03333333333333233,0.17959381379095696
1979-04-01,5.7,7246.454,-0.16666666666666696,0.10674528822540719
1979-07-01,5.866666666666667,7300.281,0.16666666666666696,0.7428046876444716
1979-10-01,5.966666666666666,7318.535,0.09999999999999876,0.2500451694941619
1980-01-01,6.3,7341.557,0.3333333333333339,0.31457115392630186
1980-04-01,7.333333333333333,7190.289,1.0333333333333332,-2.0604348641575676
1980-07-01,7.666666666666667,7181.743,0.3333333333333339,-0.11885474978821087
1980-10-01,7.3999999999999995,7315.677,-0.2666666666666675,1.8649233201466497
1981-01-01,7.433333333333334,7459.022,0.0333333333333341,1.9594222106853687
1981-04-01,7.3999999999999995,7403.745,-0.0333333333333341,-0.7410757067079277
1981-07-01,7.3999999999999995,7492.405,0.0,1.197502074963408
1981-10-01,8.233333333333334,7410.768,0.8333333333333348,-1.0895967316235544
1982-01-01,8.833333333333334,7295.631,0.5999999999999996,-1.5536446424985861
1982-04-01,9.433333333333334,7328.912,0.5999999999999996,0.45617712847594305
1982-07-01,9.9,7300.896,0.4666666666666668,-0.3822668357868153
1982-10-01,10.666666666666666,7303.817,0.7666666666666657,0.04000878796246443
1983-01-01,10.366666666666667,7400.066,-0.29999999999999893,1.3177904101375981
1983-04-01,10.133333333333333,7568.456,-0.23333333333333428,2.2755202453599743
1983-07-01,9.366666666666667,7719.746,-0.7666666666666657,1.9989546084432597
1983-10-01,8.533333333333333,7880.794,-0.8333333333333339,2.0861826282885465
1984-01-01,7.866666666666667,8034.847,-0.6666666666666661,1.9547903421914148
1984-04-01,7.433333333333334,8173.67,-0.43333333333333357,1.72776158649941
1984-07-01,7.433333333333334,8252.465,0.0,0.9640100468944812
1984-10-01,7.3,8320.199,-0.13333333333333375,0.8207729448110435
1985-01-01,7.233333333333333,8400.82,-0.06666666666666643,0.9689792275400899
1985-04-01,7.3,8474.787,0.06666666666666643,0.8804735728179081
1985-07-01,7.2,8604.22,-0.09999999999999964,1.5272714228687922
1985-10-01,7.033333333333334,8668.188,-0.16666666666666607,0.7434491447220193
1986-01-01,7.033333333333334,8749.127,0.0,0.9337476298391323
1986-04-01,7.166666666666667,8788.524,0.13333333333333286,0.4502963552820649
1986-07-01,6.966666666666666,8872.601,-0.20000000000000107,0.9566680366350555
1986-10-01,6.833333333333333,8920.193,-0.13333333333333286,0.5363928796076722
1987-01-01,6.599999999999999,8986.367,-0.23333333333333428,0.7418449354178902
1987-04-01,6.266666666666667,9083.256,-0.33333333333333215,1.0781776439800383
1987-07-01,6.0,9162.024,-0.2666666666666666,0.8671780251486849
1987-10-01,5.833333333333333,9319.332,-0.16666666666666696,1.7169568645530875
1988-01-01,5.7,9367.502,-0.13333333333333286,0.5168825405082789
1988-04-01,5.466666666666666,9490.594,-0.23333333333333428,1.3140322788294911
1988-07-01,5.466666666666666,9546.206,0.0,0.5859696453140995
1988-10-01,5.333333333333333,9673.405,-0.13333333333333286,1.332456056364184
1989-01-01,5.2,9771.725,-0.13333333333333286,1.016394950898869
1989-04-01,5.233333333333333,9846.293,0.033333333333333215,0.7630996574299775
1989-07-01,5.233333333333333,9919.228,0.0,0.7407356250722863
1989-10-01,5.366666666666667,9938.767,0.13333333333333375,0.19698105538052957
1990-01-01,5.3,10047.386,-0.06666666666666732,1.0928820446238552
1990-04-01,5.333333333333333,10083.855,0.033333333333333215,0.36297003021481533
1990-07-01,5.7,10090.569,0.36666666666666714,0.06658167932800385
1990-10-01,6.133333333333333,9998.704,0.4333333333333327,-0.9104045569679919
1991-01-01,6.6000000000000005,9951.916,0.4666666666666677,-0.4679406451076118
1991-04-01,6.833333333333333,10029.51,0.2333333333333325,0.7796890568610104
1991-07-01,6.866666666666667,10080.195,0.0333333333333341,0.5053586865160886
1991-10-01,7.1000000000000005,10115.329,0.2333333333333334,0.34854484461859236
1992-01-01,7.366666666666667,10236.435,0.2666666666666666,1.1972522099874316
1992-04-01,7.6000000000000005,10347.429,0.2333333333333334,1.0843032755055937
1992-07-01,7.633333333333333,10449.673,0.03333333333333233,0.9881101865980568
1992-10-01,7.366666666666667,10558.648,-0.2666666666666657,1.0428555994048683
1993-01-01,7.133333333333333,10576.275,-0.23333333333333428,0.16694372234020705
1993-04-01,7.066666666666666,10637.847,-0.06666666666666643,0.5821709439287392
1993-07-01,6.8,10688.606,-0.2666666666666666,0.477154822775705
1993-10-01,6.633333333333333,10833.987,-0.16666666666666696,1.360149302911906
1994-01-01,6.566666666666666,10939.116,-0.06666666666666643,0.9703629882517051
1994-04-01,6.2,11087.361,-0.36666666666666625,1.355182630845131
1994-07-01,6.0,11152.176,-0.20000000000000018,0.5845845553328566
1994-10-01,5.633333333333333,11279.932,-0.36666666666666714,1.1455701559946796
1995-01-01,5.466666666666666,11319.951,-0.16666666666666696,0.3547805075420518
1995-04-01,5.666666666666667,11353.721,0.20000000000000107,0.298322846097121
1995-07-01,5.666666666666667,11450.31,0.0,0.8507255022384363
1995-10-01,5.566666666666666,11528.067,-0.10000000000000053,0.6790820510536255
1996-01-01,5.533333333333334,11614.418,-0.03333333333333233,0.7490501226268043
1996-04-01,5.5,11808.14,-0.0333333333333341,1.6679441018912833
1996-07-01,5.266666666666667,11914.063,-0.2333333333333334,0.8970337411311258
1996-10-01,5.333333333333333,12037.775,0.06666666666666643,1.0383695301930063
1997-01-01,5.233333333333333,12115.472,-0.09999999999999964,0.6454431985977394
1997-04-01,5.0,12317.221,-0.2333333333333334,1.665217830555843
1997-07-01,4.866666666666667,12471.01,-0.13333333333333286,1.2485689750959317
1997-10-01,4.666666666666667,12577.495,-0.20000000000000018,0.8538602727445443
1998-01-01,4.633333333333333,12703.742,-0.0333333333333341,1.0037531320823412
1998-04-01,4.3999999999999995,12821.339,-0.2333333333333334,0.9256878799962953
1998-07-01,4.533333333333333,12982.752,0.13333333333333375,1.258940271371034
1998-10-01,4.433333333333334,13191.67,-0.09999999999999964,1.609196570958149
1999-01-01,4.3,13315.597,-0.13333333333333375,0.9394337487217186
1999-04-01,4.266666666666667,13426.748,-0.033333333333333215,0.8347428958686454
1999-07-01,4.233333333333333,13604.771,-0.033333333333333215,1.3258832295057754
1999-10-01,4.066666666666666,13827.98,-0.16666666666666696,1.6406670865683814
2000-01-01,4.033333333333333,13878.147,-0.033333333333333215,0.36279340872638066
2000-04-01,3.9333333333333336,14130.908,-0.09999999999999964,1.8212878131352639
2000-07-01,4.0,14145.312,0.06666666666666643,0.10193258635609048
2000-10-01,3.9,14229.765,-0.10000000000000009,0.5970387927816567
2001-01-01,4.233333333333333,14183.12,0.3333333333333335,-0.3277988076401672
2001-04-01,4.3999999999999995,14271.694,0.16666666666666607,0.624502930243831
2001-07-01,4.833333333333333,14214.516,0.43333333333333357,-0.40063919531907466
2001-10-01,5.5,14253.574,0.666666666666667,0.2747754478590769
2002-01-01,5.7,14372.785,0.20000000000000018,0.8363586564324121
2002-04-01,5.833333333333333,14460.848,0.13333333333333286,0.6127065840058066
2002-07-01,5.733333333333333,14519.633,-0.09999999999999964,0.4065114300350947
2002-10-01,5.866666666666667,14537.58,0.13333333333333375,0.12360505255195608
2003-01-01,5.866666666666667,14614.141,0.0,0.5266419858050542
2003-04-01,6.133333333333333,14743.567,0.2666666666666657,0.885621672871495
2003-07-01,6.133333333333333,14988.782,0.0,1.663199956971062
2003-10-01,5.833333333333333,15162.76,-0.2999999999999998,1.160721398176312
2004-01-01,5.7,15248.68,-0.13333333333333286,0.5666514539569345
2004-04-01,5.599999999999999,15366.85,-0.10000000000000142,0.7749523237421174
2004-07-01,5.433333333333334,15512.619,-0.1666666666666652,0.9485938887930923
2004-10-01,5.433333333333334,15670.88,0.0,1.0202081286209586
2005-01-01,5.3,15844.727,-0.13333333333333375,1.1093633541958248
2005-04-01,5.1000000000000005,15922.782,-0.1999999999999993,0.4926244548107306
2005-07-01,4.966666666666667,16047.587,-0.13333333333333375,0.7838140345072908
2005-10-01,4.966666666666667,16136.734,0.0,0.5555165396517348
2006-01-01,4.733333333333333,16353.835,-0.2333333333333334,1.3453837684874737
2006-04-01,4.633333333333333,16396.151,-0.10000000000000053,0.25875276349554
2006-07-01,4.633333333333334,16420.738,8.881784197001252e-16,0.1499559256315619
2006-10-01,4.433333333333334,16561.866,-0.20000000000000018,0.8594498006118778
2007-01-01,4.5,16611.69,0.06666666666666643,0.30083566670564554
2007-04-01,4.5,16713.314,0.0,0.6117619579946387
2007-07-01,4.666666666666667,16809.587,0.16666666666666696,0.5760257959612325
2007-10-01,4.8,16915.191,0.13333333333333286,0.6282367318126258
2008-01-01,5.0,16843.003,0.20000000000000018,-0.42676432089947536
2008-04-01,5.333333333333333,16943.291,0.33333333333333304,0.5954282618129358
2008-07-01,6.0,16854.295,0.666666666666667,-0.5252580505168858
2008-10-01,6.866666666666667,16485.35,0.8666666666666671,-2.189026595298116
2009-01-01,8.266666666666667,16298.262,1.4000000000000004,-1.1348742974823023
2009-04-01,9.299999999999999,16269.145,1.0333333333333314,-0.1786509506351064
2009-07-01,9.633333333333333,16326.281,0.3333333333333339,0.3511923951750484
2009-10-01,9.933333333333334,16502.754,0.3000000000000007,1.0809136508185713
2010-01-01,9.833333333333334,16582.71,-0.09999999999999964,0.48450095056860043
2010-04-01,9.633333333333333,16743.162,-0.20000000000000107,0.9675861183124024
2010-07-01,9.466666666666667,16872.266,-0.16666666666666607,0.7710849360473171
2010-10-01,9.5,16960.864,0.033333333333333215,0.5251102608268665
2011-01-01,9.033333333333333,16920.632,-0.4666666666666668,-0.23720489710901127
2011-04-01,9.066666666666666,17035.114,0.033333333333333215,0.6765822931436682
2011-07-01,9.0,17031.313,-0.06666666666666643,-0.022312735917140447
2011-10-01,8.633333333333333,17222.583,-0.36666666666666714,1.1230490567579965
2012-01-01,8.266666666666667,17367.01,-0.36666666666666536,0.838590819971663
2012-04-01,8.2,17444.525,-0.0666666666666682,0.4463347461653111
2012-07-01,8.033333333333333,17469.65,-0.16666666666666607,0.14402799732293747
2012-10-01,7.8,17489.852,-0.2333333333333334,0.11564055376036553
2013-01-01,7.733333333333333,17662.4,-0.06666666666666643,0.9865606638638447
2013-04-01,7.533333333333334,17709.671,-0.1999999999999993,0.26763633481292626
2013-07-01,7.233333333333333,17860.45,-0.3000000000000007,0.851393569084391
2013-10-01,6.933333333333334,18016.147,-0.2999999999999998,0.8717417534272576
2014-01-01,6.666666666666667,17953.974,-0.2666666666666666,-0.34509598528477126
2014-04-01,6.2,18185.911,-0.4666666666666668,1.2918421292132942
2014-07-01,6.066666666666666,18406.941,-0.13333333333333375,1.2153914093167906
2014-10-01,5.7,18500.031,-0.36666666666666625,0.5057331362120498
2015-01-01,5.533333333333334,18666.621,-0.16666666666666607,0.9004849775657187
2015-04-01,5.433333333333334,18782.243,-0.10000000000000053,0.6194050867588619
2015-07-01,5.1000000000000005,18857.418,-0.33333333333333304,0.4002450612528241
2015-10-01,5.033333333333333,18892.206,-0.06666666666666732,0.18447912646364362
2016-01-01,4.8999999999999995,19001.69,-0.13333333333333375,0.5795194060450148
2016-04-01,4.933333333333334,19062.709,0.0333333333333341,0.3211240684381167
2016-07-01,4.8999999999999995,19197.938,-0.0333333333333341,0.7093902550786346
2016-10-01,4.766666666666667,19304.352,-0.13333333333333286,0.5542991127484687
2017-01-01,4.566666666666666,19398.343,-0.20000000000000018,0.48689021004175714
2017-04-01,4.366666666666667,19506.949,-0.1999999999999993,0.5598725623111145
2017-07-01,4.333333333333333,19660.766,-0.0333333333333341,0.7885241305547019
2017-10-01,4.166666666666667,19882.352,-0.16666666666666607,1.1270466267692791
2018-01-01,4.033333333333333,20044.077,-0.13333333333333375,0.8134098018182323
2018-04-01,3.9333333333333336,20150.476,-0.09999999999999964,0.5308251410129694
2018-07-01,3.766666666666667,20276.154,-0.16666666666666652,0.6236974253114314
2018-10-01,3.8333333333333335,20304.874,0.06666666666666643,0.1416442191157108
2019-01-01,3.8666666666666667,20431.641,0.033333333333333215,0.6243180824466066
2019-04-01,3.6333333333333333,20602.275,-0.2333333333333334,0.8351458407085399
2019-07-01,3.6,20843.322,-0.033333333333333215,1.170001856591063
2019-10-01,3.6,20985.448,0.0,0.6818778695641736
2020-01-01,3.8333333333333335,20709.212,0.2333333333333334,-1.3163216720462723
2020-04-01,13.0,19077.992,9.166666666666666,-7.876784495711386
2020-07-01,8.799999999999999,20558.879,-4.200000000000001,7.762279174873354
2020-10-01,6.766666666666667,20791.917,-2.0333333333333323,1.1335151104298946
2021-01-01,6.233333333333333,21082.134,-0.5333333333333332,1.3958164607909662
2021-04-01,5.933333333333334,21440.929,-0.2999999999999998,1.701891279127632
2021-07-01,5.066666666666666,21617.828,-0.8666666666666671,0.8250528696774451
2021-10-01,4.166666666666667,21988.737,-0.8999999999999995,1.7157551628220968
2022-01-01,3.8666666666666667,21932.71,-0.30000000000000027,-0.2547986271335234
2022-04-01,3.6333333333333333,21967.045,-0.2333333333333334,0.15654700217164752
2022-07-01,3.533333333333333,22125.625,-0.10000000000000009,0.7218995545372753
2022-10-01,3.5666666666666664,22278.345,0.033333333333333215,0.6902403886895891
2023-01-01,3.533333333333333,22439.607,-0.033333333333333215,0.723850896464695
2023-04-01,3.533333333333333,22580.499,0.0,0.6278719587201387
2023-07-01,3.6333333333333333,22840.989,0.10000000000000009,1.1536060385556546
2023-10-01,3.8000000000000003,23033.78,0.16666666666666696,0.8440571465622604
